"0","des <- design("
"0","  formula = list(v ~ lM * cond, B ~ lR, t0 ~ 1, A ~ 1, sv ~ lM),"
"0","  data = data,"
"0","  matchfun = function(data) data$S == data$lR,"
"0","  model = LBA,"
"0","  contrasts = list(lM = ADmat),"
"0","  constants = c(sv = log(1))"
"0",")"
"1","
 Sampled Parameters: 
"
"1","[1]"
"1"," ""v""             "
"1"," ""v_lMd""         "
"1"," ""v_condeasy""    "
"1"," ""v_lMd:condeasy"""
"1","
"
"1","[5]"
"1"," ""B""             "
"1"," ""B_lRright""     "
"1"," ""t0""            "
"1"," ""A""             "
"1","
"
"1","[9]"
"1"," ""sv_lMd""        "
"1","
"
"1","
 Design Matrices: 
"
"1","$v
"
"1",""
"1","    lM"
"1"," cond"
"1"," v"
"1"," v_lMd"
"1"," v_condeasy"
"1"," v_lMd:condeasy"
"1","
"
"1","  TRUE"
"1"," hard"
"1"," 1"
"1","   0.5"
"1","          0"
"1","            0.0"
"1","
"
"1"," FALSE"
"1"," hard"
"1"," 1"
"1","  -0.5"
"1","          0"
"1","            0.0"
"1","
"
"1","  TRUE"
"1"," easy"
"1"," 1"
"1","   0.5"
"1","          1"
"1","            0.5"
"1","
"
"1"," FALSE"
"1"," easy"
"1"," 1"
"1","  -0.5"
"1","          1"
"1","           -0.5"
"1","
"
"1","
"
"1","$B
"
"1",""
"1","    lR"
"1"," B"
"1"," B_lRright"
"1","
"
"1","  left"
"1"," 1"
"1","         0"
"1","
"
"1"," right"
"1"," 1"
"1","         1"
"1","
"
"1","
"
"1","$t0
"
"1",""
"1"," t0"
"1","
"
"1","  1"
"1","
"
"1","
"
"1","$A
"
"1",""
"1"," A"
"1","
"
"1"," 1"
"1","
"
"1","
"
"1","$sv
"
"1",""
"1","    lM"
"1"," sv"
"1"," sv_lMd"
"1","
"
"1","  TRUE"
"1","  1"
"1","    0.5"
"1","
"
"1"," FALSE"
"1","  1"
"1","   -0.5"
"1","
"
"1","
"
"0","sampled_pars(des)"
"1","             v "
"1","         v_lMd "
"1","    v_condeasy "
"1","v_lMd:condeasy "
"1","             B "
"1","
"
"1","             0 "
"1","             0 "
"1","             0 "
"1","             0 "
"1","             0 "
"1","
"
"1","     B_lRright "
"1","            t0 "
"1","             A "
"1","        sv_lMd "
"1","
"
"1","             0 "
"1","             0 "
"1","             0 "
"1","             0 "
"1","
"
